Wall time,Step,Value
1745215819.4321764,21,-40.30778121948242
1745215821.8227978,22,-27.750070571899414
1745215823.428547,23,-40.09554672241211
1745215823.4452577,24,-42.15137481689453
