Step,Value
21,-40.30778121948242
22,-40.23243495559692
23,-40.23161362619781
24,-40.243132193342
